title,url,type,lot,sale,date,location,currency,price,estimate_min,estimate_max,provenance,signature,technique,height,width,production_date,price_EUR,estimate_min_EUR,estimate_max_EUR,area,support,sale_title,sale_price,sale_price_EUR,prediction,general_technique,theme
"etude d'homme nu, vu de dos",https://www.christies.com/lotfinder/drawings-watercolors/edgar-degas-etude-dhomme-nu-vu-de-6169111-details.aspx,dibujo-acuarela,166,15978,2018-11-12,New York,USD,40000,18000,25000,"(possibly) René Degas, Paris (brother of the artist).",firma,lápiz,39.1,27.5,1857,35200,15840,22000,1075.25,papel,Impressionist and Modern Art Works on Paper,9024625,7941670,menor,"resto",estudio/copia
femme à sa toilette,https://www.christies.com/lotfinder/drawings-watercolors/edgar-degas-femme-a-sa-toilette-6169131-details.aspx,dibujo-acuarela,186,15978,2018-11-12,New York,USD,312500,300000,500000,"Estate of the artist; First sale, Galerie Georges Petit, Paris, 6-8 May 1918, lot 321.",sello,pastel y carboncillo,109.3,71.7,1895,275000,264000,440000,7836.81,papel,Impressionist and Modern Art Works on Paper,9024625,7941670,correcta,pastel,mujer
petites filles spartiates provo...,https://www.christies.com/lotfinder/paintings/edgar-degas-petites-filles-spartiates-provo-6169400-details.aspx,pintura,406,15979,2018-11-12,New York,USD,1452500,400000,600000,"Estate of the artist; Third sale, Galerie Georges Petit, Paris, 7-9 April 1919, lot 31.",sello,óleo,50,32,1860,1278200,352000,528000,1600,lienzo,Impressionist and Modern Art Day Sale,29191875,25688850,menor,óleo,mujer
quatre danseuses,https://www.christies.com/lotfinder/paintings/edgar-degas-quatre-danseuses-6169512-details.aspx,pintura,46 A,15977,2018-11-11,New York,USD,5937500,5000000,7000000,"Private collection, Paris (circa 1960); Estate sale, Christie’s, New York, 14 May 1997, lot 33.",firma,pastel,78.5,89,1903,5225000,4400000,6160000,6986.5,papel,Impressionist and Modern Art Evening Sale Including Property from the Collection of Herbert and Adele Klapper,279253500,245743080,correcta,pastel,bailarina
autoportrait,https://www.christies.com/lotfinder/drawings-watercolors/edgar-degas-autoportrait-6152452-details.aspx,dibujo-acuarela,139,15930,2018-06-21,London,GBP,3128750,350000,550000,"Wilhelm Weinberg, Scarsdale, New York, and thence by descent; estate sale, Sotheby's, London, 10 July 1957, lot 19.",NA,peinture à l'essence y gouache,39.7,30.7,1854,3504200.0000000005,392000.00000000006,616000.0000000001,1218.79,papel,Impressionist and Modern Works on Paper,8118875,9093140,menor,"resto",retrato
"après le bain, trois femmes nue...",https://www.christies.com/lotfinder/drawings-watercolors/edgar-degas-apres-le-bain-trois-femmes-6152487-details.aspx,dibujo-acuarela,174,15930,2018-06-21,London,GBP,368750,300000,400000,"The artist's estate; first sale, Galerie Georges Petit, Paris, 6-8 May 1918, lot 290.",sello,pastel,63.6,80.5,1893,413000.00000000006,336000.00000000006,448000.00000000006,5119.8,papel,Impressionist and Modern Works on Paper,8118875,9093140,correcta,pastel,mujer
"femme assise, se coiffant",https://www.christies.com/lotfinder/paintings/edgar-degas-femme-assise-se-coiffant-6155248-details.aspx,pintura,22 B,15483,2018-06-20,London,GBP,548750,600000,800000,"The artist's estate; Second sale, Galerie Georges Petit, Paris, 11-13 December 1918, lot 107.",sello,pastel y carboncillo,70,53.5,1888,614600.0000000001,672000.0000000001,896000.0000000001,3745,papel,Impressionist and Modern Art Evening Sale,128081750,143451560,mayor,pastel,mujer
etude pour petites filles spart...,https://www.christies.com/lotfinder/drawings-watercolors/edgar-degas-etude-pour-petites-filles-spart-6139825-details.aspx,dibujo-acuarela,171,15972,2018-05-16,New York,USD,100000,50000,70000,"(probably) Estate of the artist; First sale, Galerie Georges Petit, Paris, 6-8 December 1918, lot 62b.",sello,lápiz,19.5,29.1,1860,88000,44000,61600,567.45,papel,Impressionist and Modern Art Works on Paper,16692375,14689290,menor,"resto",mujer
"femme nue assise, s'essuyant",https://www.christies.com/lotfinder/drawings-watercolors/edgar-degas-femme-nue-assise-sessuyant-6139829-details.aspx,dibujo-acuarela,174,15972,2018-05-16,New York,USD,106250,70000,100000,"Estate of the artist; Third sale, Galerie Georges Petit, Paris, 7-9 April 1919, lot 192.",sello,carboncillo,51,64.6,NA,93500,61600,88000,3294.6,papel,Impressionist and Modern Art Works on Paper,16692375,14689290,menor,"resto",mujer
deux femmes appuyées à une barr...,https://www.christies.com/lotfinder/paintings/edgar-degas-deux-femmes-appuyees-a-une-6140945-details.aspx,pintura,10 A,15971,2018-05-15,New York,USD,2292500,3000000,5000000,"Mme Montandon, Paris.",firma,pastel,51.9,66.7,1883,2017400,2640000,4400000,3461.73,papel,Impressionist and Modern Art Evening Sale,415852500,365950200,mayor,pastel,mujer
femme assise dans un jardin,https://www.christies.com/lotfinder/paintings/edgar-degas-femme-assise-dans-un-jardin-6134552-details.aspx,pintura,516,16721,2018-05-10,New York,USD,1452500,1000000,1500000,"Estate of the artist; sale, Hôtel Drouot, Paris, 15-16 November 1918, lot 32.",NA,óleo,33,40.7,1872,1278200,880000,1320000,1343.1000000000001,lienzo,"The Collection of Peggy and David Rockefeller: Fine Art, Day Sale",42474250,37377340,correcta,óleo,mujer
étude d'après luca della robbia...,https://www.christies.com/lotfinder/paintings/edgar-degas-etude-dapres-luca-della-robbia-6132152-details.aspx,pintura,282,15722,2018-03-23,Paris,EUR,27500,20000,30000,"Jeanne Fèvre, Nice; vente, Me Bellier, Paris, 12 juin 1934, lot 143.",NA,óleo,21,23,1856,27500,20000,30000,483,papel,Art Impressionniste et Moderne,8512000,8512000,correcta,óleo,estudio/copia
pelouse et route sous-bois,https://www.christies.com/lotfinder/drawings-watercolors/edgar-degas-pelouse-et-route-sous-bois-6126969-details.aspx,dibujo-acuarela,257,15471,2018-02-28,London,GBP,72500,50000,80000,"The artist's studio; Fourth sale, Galerie Georges Petit, Paris, 3 July 1919, lot 32b.",sello,pastel,32.5,49.7,1891,81200.00000000001,56000.00000000001,89600.00000000001,1615.25,papel,Impressionist and Modern Works on Paper,9168000,10268160.000000002,correcta,pastel,paisaje
femme se coiffant,https://www.christies.com/lotfinder/drawings-watercolors/edgar-degas-femme-se-coiffant-6109769-details.aspx,dibujo-acuarela,159,15005,2017-11-14,New York,USD,492500,450000,650000,"Estate of the artist; Second sale, Galerie Georges Petit, Paris, 11-13 December 1919, lot 105.",sello,pastel y carboncillo,48,61.5,1893,433400,396000,572000,2952,papel,Impressionist and Modern Art Works on Paper Sale,15116625,13302630,correcta,pastel,mujer
trois danseuses en maillot,https://www.christies.com/lotfinder/drawings-watercolors/edgar-degas-trois-danseuses-en-maillot-6109804-details.aspx,dibujo-acuarela,194,15005,2017-11-14,New York,USD,125000,100000,150000,"Estate of the artist; Third sale, Galerie Georges Petit, Paris, 5 April 1919, lot 196.",sello,carboncillo,54,81,1897,110000,88000,132000,4374,papel,Impressionist and Modern Art Works on Paper Sale,15116625,13302630,correcta,"resto",bailarina
danseuse assise de profil,https://www.christies.com/lotfinder/drawings-watercolors/edgar-degas-danseuse-assise-de-profil-6109807-details.aspx,dibujo-acuarela,197,15005,2017-11-14,New York,USD,492500,400000,600000,"Estate of the artist; Second sale, Galerie Georges Petit, Paris, 11-13 December 1918, lot 55.",sello,pastel y carboncillo,52.7,51.5,1896,433400,352000,528000,2714.05,papel,Impressionist and Modern Art Works on Paper Sale,15116625,13302630,correcta,pastel,bailarina
danseuse remettant son chausson...,https://www.christies.com/lotfinder/drawings-watercolors/edgar-degas-danseuse-remettant-son-chausson-6085765-details.aspx,dibujo-acuarela,225,14240,2017-06-28,London,GBP,87500,70000,100000,"The artist's estate; fourth sale, Galerie Georges Petit, Paris, 2-4 July 1919, lot 261b.",sello,óleo y lápiz,31.5,20.4,1873,98000.00000000001,78400.00000000001,112000.00000000001,642.5999999999999,papel,Impressionist and Modern Works on Paper,6121500,6856080.000000001,correcta,óleo,bailarina
jockey,https://www.christies.com/lotfinder/drawings-watercolors/edgar-degas-jockey-6070751-details.aspx,dibujo-acuarela,152,14185,2017-05-16,New York,USD,106250,80000,120000,"Estate of the artist; Third sale, Galerie Georges Petit, Paris, 8-9 April 1919, lot 114-2.",sello,lápiz,23.5,19.7,NA,93500,70400,105600,462.95,papel,Impressionist and Modern Art Works on Paper,7653500,6735080,correcta,"resto",hípica
chevalier,https://www.christies.com/lotfinder/drawings-watercolors/edgar-degas-chevalier-6070758-details.aspx,dibujo-acuarela,159,14185,2017-05-16,New York,USD,22500,18000,25000,"Estate of the artist; Fourth sale, Galerie Georges Petit, Paris, 2-4 July 1919, lot 242b.",sello,lápiz,17,23,NA,19800,15840,22000,391,papel,Impressionist and Modern Art Works on Paper,7653500,6735080,correcta,"resto",hípica
femme s'essuyant les pieds,https://www.christies.com/lotfinder/drawings-watercolors/edgar-degas-femme-sessuyant-les-pieds-6073952-details.aspx,dibujo-acuarela,24 A,14183,2017-05-15,New York,USD,2047500,1200000,1600000,"Estate of the artist; First sale, Galerie Georges Petit, Paris, 6-8 May 1918, lot 190.",sello,pastel,54.8,62,1893,1801800,1056000,1408000,3397.6,papel,Impressionist and Modern Art Evening Sale,289178500,254477080,menor,pastel,mujer
étude d'après rembrandt harmens...,https://www.christies.com/lotfinder/drawings-watercolors/edgar-degas-etude-dapres-rembrandt-harmens-6060161-details.aspx,dibujo-acuarela,2,15068,2017-03-23,Paris,EUR,15625,5000,7000,Atelier de l’artiste.,sello,lápiz,15.2,12,1859,15625,5000,7000,182.39999999999998,papel,Atelier Degas,1564650,1564650,menor,"resto",estudio/copia
"étude d'après andrea mantegna, ...",https://www.christies.com/lotfinder/drawings-watercolors/edgar-degas-etude-dapres-andrea-mantegna-6060162-details.aspx,dibujo-acuarela,3,15068,2017-03-23,Paris,EUR,25000,30000,50000,Atelier de l’artiste.,sello,lápiz,40.5,29,1855,25000,30000,50000,1174.5,papel,Atelier Degas,1564650,1564650,mayor,"resto",estudio/copia
"étude d'après le pérugin, détai...",https://www.christies.com/lotfinder/drawings-watercolors/edgar-degas-etude-dapres-le-perugin-detai-6060163-details.aspx,dibujo-acuarela,4,15068,2017-03-23,Paris,EUR,21875,15000,20000,Atelier de l’artiste.,sello,lápiz,26,20.2,1855,21875,15000,20000,525.1999999999999,papel,Atelier Degas,1564650,1564650,menor,"resto",estudio/copia
étude d'après un maître ancien ...,https://www.christies.com/lotfinder/drawings-watercolors/edgar-degas-etude-dapres-un-maitre-ancien-6060167-details.aspx,dibujo-acuarela,8,15068,2017-03-23,Paris,EUR,18750,20000,30000,Atelier de l’artiste.,sello,lápiz,28,21,1855,18750,20000,30000,588,papel,Atelier Degas,1564650,1564650,mayor,"resto",estudio/copia
"étude d’après fra angelico, sai...",https://www.christies.com/lotfinder/drawings-watercolors/edgar-degas-etude-dapres-fra-angelico-sai-6060168-details.aspx,dibujo-acuarela,9,15068,2017-03-23,Paris,EUR,10000,8000,12000,Atelier de l’artiste.,sello,lápiz,31,23.5,1853,10000,8000,12000,728.5,papel,Atelier Degas,1564650,1564650,correcta,"resto",estudio/copia
"étude d'après nicolas poussin, ...",https://www.christies.com/lotfinder/drawings-watercolors/edgar-degas-etude-dapres-nicolas-poussin-6060169-details.aspx,dibujo-acuarela,10,15068,2017-03-23,Paris,EUR,6250,3000,5000,Atelier de l’artiste.,sello,lápiz,26.3,20,1855,6250,3000,5000,526,papel,Atelier Degas,1564650,1564650,menor,"resto",estudio/copia
étude d'après une gravure d'apr...,https://www.christies.com/lotfinder/drawings-watercolors/edgar-degas-etude-dapres-une-gravure-dapr-6060170-details.aspx,dibujo-acuarela,11,15068,2017-03-23,Paris,EUR,10000,7000,10000,Atelier de l’artiste.,sello,lápiz,23,16,1855,10000,7000,10000,368,papel,Atelier Degas,1564650,1564650,correcta,"resto",estudio/copia
études d'après théodore géricau...,https://www.christies.com/lotfinder/drawings-watercolors/edgar-degas-etudes-dapres-theodore-gericau-6060171-details.aspx,dibujo-acuarela,12,15068,2017-03-23,Paris,EUR,22500,10000,15000,Atelier de l’artiste.,sello,lápiz,27,20.8,1860,22500,10000,15000,561.6,papel,Atelier Degas,1564650,1564650,menor,"resto",estudio/copia
étude d’après andrea del castag...,https://www.christies.com/lotfinder/drawings-watercolors/edgar-degas-etude-dapres-andrea-del-castag-6060172-details.aspx,dibujo-acuarela,13,15068,2017-03-23,Paris,EUR,8125,2000,3000,Atelier de l’artiste.,sello,lápiz,14.5,9.6,1858,8125,2000,3000,139.2,papel,Atelier Degas,1564650,1564650,menor,"resto",estudio/copia
"étude d’après fra angelico, sai...",https://www.christies.com/lotfinder/drawings-watercolors/edgar-degas-etude-dapres-fra-angelico-sai-6060173-details.aspx,dibujo-acuarela,14,15068,2017-03-23,Paris,EUR,5625,6000,8000,Atelier de l’artiste.,sello,lápiz,24.8,17.6,1854,5625,6000,8000,436.4800000000001,papel,Atelier Degas,1564650,1564650,mayor,"resto",estudio/copia
étude d'après un maître ancien ...,https://www.christies.com/lotfinder/drawings-watercolors/edgar-degas-etude-dapres-un-maitre-ancien-6060174-details.aspx,dibujo-acuarela,15,15068,2017-03-23,Paris,EUR,7500,6000,8000,Atelier de l’artiste.,sello,lápiz,23.5,20.4,1853,7500,6000,8000,479.4,papel,Atelier Degas,1564650,1564650,correcta,"resto",estudio/copia
étude d'après marcantonio franc...,https://www.christies.com/lotfinder/drawings-watercolors/edgar-degas-etude-dapres-marcantonio-franc-6060175-details.aspx,dibujo-acuarela,16,15068,2017-03-23,Paris,EUR,25000,30000,50000,Atelier de l’artiste.,sello,lápiz,26.4,24,1854,25000,30000,50000,633.5999999999999,papel,Atelier Degas,1564650,1564650,mayor,"resto",estudio/copia
"étude d’après agasias d’éphèse,...",https://www.christies.com/lotfinder/drawings-watercolors/edgar-degas-etude-dapres-agasias-dephese-6060176-details.aspx,dibujo-acuarela,17,15068,2017-03-23,Paris,EUR,398500,25000,30000,Atelier de l’artiste.,sello,nogalina,19.9,16.8,1855,398500,25000,30000,334.32,papel,Atelier Degas,1564650,1564650,menor,"resto",estudio/copia
étude de drapé,https://www.christies.com/lotfinder/drawings-watercolors/edgar-degas-etude-de-drape-6060178-details.aspx,dibujo-acuarela,19,15068,2017-03-23,Paris,EUR,8750,10000,15000,Atelier de l’artiste.,sello,"lápiz, tinta, tiza blanca",30.7,23,1857,8750,10000,15000,706.1,papel,Atelier Degas,1564650,1564650,mayor,"resto",estudio/copia
étude d'après un bas relief,https://www.christies.com/lotfinder/drawings-watercolors/edgar-degas-etude-dapres-un-bas-relief-6060179-details.aspx,dibujo-acuarela,20,15068,2017-03-23,Paris,EUR,15000,15000,20000,Atelier de l’artiste.,sello,lápiz,30.7,46.5,1855,15000,15000,20000,1427.55,papel,Atelier Degas,1564650,1564650,correcta,"resto",estudio/copia
étude d'après un bas relief de ...,https://www.christies.com/lotfinder/drawings-watercolors/edgar-degas-etude-dapres-un-bas-relief-6060180-details.aspx,dibujo-acuarela,21,15068,2017-03-23,Paris,EUR,25000,10000,15000,Atelier de l’artiste.,sello,lápiz,28,39.5,1855,25000,10000,15000,1106,papel,Atelier Degas,1564650,1564650,menor,"resto",estudio/copia
"étude d'après ""les taureaux and...",https://www.christies.com/lotfinder/drawings-watercolors/edgar-degas-etude-dapres-les-taureaux-and-6060181-details.aspx,dibujo-acuarela,22,15068,2017-03-23,Paris,EUR,27500,10000,15000,Atelier de l’artiste.,sello,tiza negra,25.5,14.5,1855,27500,10000,15000,369.75,papel,Atelier Degas,1564650,1564650,menor,"resto",estudio/copia
"étude d'après naucydès, ""le dis...",https://www.christies.com/lotfinder/drawings-watercolors/edgar-degas-etude-dapres-naucydes-le-dis-6060183-details.aspx,dibujo-acuarela,24,15068,2017-03-23,Paris,EUR,36250,30000,50000,Atelier de l’artiste.,sello,lápiz,46.6,28.3,1855,36250,30000,50000,1318.78,papel,Atelier Degas,1564650,1564650,correcta,"resto",estudio/copia
"études des mains de l'artiste, ...",https://www.christies.com/lotfinder/drawings-watercolors/edgar-degas-etudes-des-mains-de-lartiste-6060184-details.aspx,dibujo-acuarela,25,15068,2017-03-23,Paris,EUR,15625,10000,15000,Atelier de l’artiste.,sello,lápiz,31.2,23.4,1853,15625,10000,15000,730.0799999999999,papel,Atelier Degas,1564650,1564650,menor,"resto",estudio/copia
"étude d'après ""nikè à la sandal...",https://www.christies.com/lotfinder/drawings-watercolors/edgar-degas-etude-dapres-nike-a-la-6060185-details.aspx,dibujo-acuarela,26,15068,2017-03-23,Paris,EUR,18750,20000,30000,Atelier de l’artiste.,sello,lápiz,48.8,31,1855,18750,20000,30000,1512.8,papel,Atelier Degas,1564650,1564650,mayor,"resto",estudio/copia
"étude pour ""m. et mme edmond mo...",https://www.christies.com/lotfinder/drawings-watercolors/edgar-degas-etude-pour-m-et-mme-6060186-details.aspx,dibujo-acuarela,27,15068,2017-03-23,Paris,EUR,80500,50000,70000,Atelier de l’artiste.,sello,"lápiz, tiza negra, tiza blanca",32.5,24,1865,80500,50000,70000,780,papel,Atelier Degas,1564650,1564650,menor,"resto",estudio/copia
"étude de mains pour ""m. et mme ...",https://www.christies.com/lotfinder/drawings-watercolors/edgar-degas-etude-de-mains-pour-m-6060187-details.aspx,dibujo-acuarela,28,15068,2017-03-23,Paris,EUR,6000,3000,5000,Atelier de l’artiste.,sello,lápiz,31.5,22,1865,6000,3000,5000,693,papel,Atelier Degas,1564650,1564650,menor,"resto",estudio/copia
"études pour ""la famille bellell...",https://www.christies.com/lotfinder/drawings-watercolors/edgar-degas-etudes-pour-la-famille-bellell-6060188-details.aspx,dibujo-acuarela,29,15068,2017-03-23,Paris,EUR,12500,10000,15000,Atelier de l’artiste.,sello,lápiz,35,22,1861,12500,10000,15000,770,papel,Atelier Degas,1564650,1564650,correcta,"resto",estudio/copia
portrait de thérèse de gas,https://www.christies.com/lotfinder/drawings-watercolors/edgar-degas-portrait-de-therese-de-gas-6060189-details.aspx,dibujo-acuarela,30,15068,2017-03-23,Paris,EUR,76900,50000,70000,Atelier de l’artiste.,sello,lápiz,31.4,24.5,1860,76900,50000,70000,769.3,papel,Atelier Degas,1564650,1564650,menor,"resto",retrato
rené de gas endormi,https://www.christies.com/lotfinder/drawings-watercolors/edgar-degas-rene-de-gas-endormi-6060190-details.aspx,dibujo-acuarela,31,15068,2017-03-23,Paris,EUR,18750,10000,15000,Atelier de l’artiste.,sello,lápiz,27,17.5,1853,18750,10000,15000,472.5,papel,Atelier Degas,1564650,1564650,menor,"resto",retrato
"étude pour ""rené de gas à l'enc...",https://www.christies.com/lotfinder/drawings-watercolors/edgar-degas-etude-pour-rene-de-gas-6060191-details.aspx,dibujo-acuarela,32,15068,2017-03-23,Paris,EUR,35000,15000,20000,Atelier de l’artiste.,sello,sanguina y lápiz,31.2,23.5,1855,35000,15000,20000,733.1999999999999,papel,Atelier Degas,1564650,1564650,menor,"resto",estudio/copia
"étude pour ""saint jean baptiste...",https://www.christies.com/lotfinder/drawings-watercolors/edgar-degas-etude-pour-saint-jean-baptiste-6060192-details.aspx,dibujo-acuarela,33,15068,2017-03-23,Paris,EUR,122500,40000,60000,Atelier de l’artiste.,sello,lápiz,29.3,44.5,1857,122500,40000,60000,1303.8500000000001,papel,Atelier Degas,1564650,1564650,menor,"resto",estudio/copia
"étude pour  ""alexandre et bucép...",https://www.christies.com/lotfinder/drawings-watercolors/edgar-degas-etude-pour-alexandre-et-6060193-details.aspx,dibujo-acuarela,34,15068,2017-03-23,Paris,EUR,52500,10000,15000,Atelier de l’artiste.,sello,lápiz,35.7,23,1859,52500,10000,15000,821.1,papel,Atelier Degas,1564650,1564650,menor,"resto",estudio/copia
"étude pour ""alexandre et bucéph...",https://www.christies.com/lotfinder/drawings-watercolors/edgar-degas-etude-pour-alexandre-et-buceph-6060194-details.aspx,dibujo-acuarela,35,15068,2017-03-23,Paris,EUR,5250,2000,3000,Atelier de l’artiste.,sello,lápiz,27,20.6,1859,5250,2000,3000,556.2,papel,Atelier Degas,1564650,1564650,menor,"resto",estudio/copia
"étude pour ""petites filles spar...",https://www.christies.com/lotfinder/drawings-watercolors/edgar-degas-etude-pour-petites-filles-spar-6060195-details.aspx,dibujo-acuarela,36,15068,2017-03-23,Paris,EUR,20625,10000,15000,Atelier de l’artiste.,sello,lápiz,20.5,35,1867,20625,10000,15000,717.5,papel,Atelier Degas,1564650,1564650,menor,"resto",mujer
étude pour “mlle fiocre dans le...,https://www.christies.com/lotfinder/drawings-watercolors/edgar-degas-etude-pour-mlle-fiocre-dans-6060196-details.aspx,dibujo-acuarela,37,15068,2017-03-23,Paris,EUR,5000,3000,5000,Atelier de l’artiste.,sello,lápiz,20.5,35,1867,5000,3000,5000,717.5,papel,Atelier Degas,1564650,1564650,correcta,"resto",estudio/copia
"études pour ""la répétition de d...",https://www.christies.com/lotfinder/drawings-watercolors/edgar-degas-etudes-pour-la-repetition-de-6060197-details.aspx,dibujo-acuarela,38,15068,2017-03-23,Paris,EUR,15000,15000,25000,Atelier de l’artiste.,sello,tizal,47.3,30.6,1874,15000,15000,25000,1447.3799999999999,papel,Atelier Degas,1564650,1564650,correcta,"resto",estudio/copia
"études académiques, nu assis (r...",https://www.christies.com/lotfinder/drawings-watercolors/edgar-degas-etudes-academiques-nu-assis-6060198-details.aspx,dibujo-acuarela,39,15068,2017-03-23,Paris,EUR,42500,50000,70000,Atelier de l’artiste.,sello,lápiz,48,31,1855,42500,50000,70000,1488,papel,Atelier Degas,1564650,1564650,mayor,"resto",estudio/copia
"étude académique, nu assis",https://www.christies.com/lotfinder/drawings-watercolors/edgar-degas-etude-academique-nu-assis-6060200-details.aspx,dibujo-acuarela,41,15068,2017-03-23,Paris,EUR,60000,50000,70000,Atelier de l’artiste.,sello,sanguina,46.7,31,1855,60000,50000,70000,1447.7,papel,Atelier Degas,1564650,1564650,correcta,"resto",estudio/copia
"étude académique, nu de dos",https://www.christies.com/lotfinder/drawings-watercolors/edgar-degas-etude-academique-nu-de-dos-6060201-details.aspx,dibujo-acuarela,42,15068,2017-03-23,Paris,EUR,52500,30000,50000,Atelier de l’artiste.,sello,lápiz,44.2,29,1858,52500,30000,50000,1281.8000000000002,papel,Atelier Degas,1564650,1564650,menor,"resto",estudio/copia
"étude académique, nu assis (rec...",https://www.christies.com/lotfinder/drawings-watercolors/edgar-degas-etude-academique-nu-assis-6060203-details.aspx,dibujo-acuarela,44,15068,2017-03-23,Paris,EUR,12500,5000,7000,Atelier de l’artiste.,sello,"sanguina, lápiz",31,23.5,1853,12500,5000,7000,728.5,papel,Atelier Degas,1564650,1564650,menor,"resto",estudio/copia
"étude académique, nu debout",https://www.christies.com/lotfinder/drawings-watercolors/edgar-degas-etude-academique-nu-debout-6060204-details.aspx,dibujo-acuarela,45,15068,2017-03-23,Paris,EUR,7500,10000,15000,Atelier de l’artiste.,sello,lápiz,30.8,18,1855,7500,10000,15000,554.4,papel,Atelier Degas,1564650,1564650,mayor,"resto",estudio/copia
"études académiques, jeune homme...",https://www.christies.com/lotfinder/drawings-watercolors/edgar-degas-etudes-academiques-jeune-homme-6060205-details.aspx,dibujo-acuarela,46,15068,2017-03-23,Paris,EUR,40000,20000,30000,Atelier de l’artiste.,sello,lápiz,42,29.5,1858,40000,20000,30000,1239,papel,Atelier Degas,1564650,1564650,menor,"resto",estudio/copia
étude académique (fragment),https://www.christies.com/lotfinder/drawings-watercolors/edgar-degas-etude-academique-6060206-details.aspx,dibujo-acuarela,47,15068,2017-03-23,Paris,EUR,30000,10000,15000,Atelier de l’artiste.,sello,lápiz,23.5,30,1857,30000,10000,15000,705,papel,Atelier Degas,1564650,1564650,menor,"resto",estudio/copia
étude d'après une sculpture ant...,https://www.christies.com/lotfinder/drawings-watercolors/edgar-degas-etude-dapres-une-sculpture-ant-6060207-details.aspx,dibujo-acuarela,48,15068,2017-03-23,Paris,EUR,8750,5000,7000,Atelier de l’artiste.,sello,lápiz,29,29,1855,8750,5000,7000,841,papel,Atelier Degas,1564650,1564650,menor,"resto",estudio/copia
"études académiques, nu debout (...",https://www.christies.com/lotfinder/drawings-watercolors/edgar-degas-etudes-academiques-nu-debout-6060208-details.aspx,dibujo-acuarela,49,15068,2017-03-23,Paris,EUR,35000,40000,60000,Atelier de l’artiste.,sello,sanguina,47,30.5,1854,35000,40000,60000,1433.5,papel,Atelier Degas,1564650,1564650,mayor,"resto",estudio/copia
la charrette,https://www.christies.com/lotfinder/drawings-watercolors/edgar-degas-la-charrette-6060209-details.aspx,dibujo-acuarela,50,15068,2017-03-23,Paris,EUR,12500,2000,3000,Atelier de l’artiste.,sello,tinta,13,17.5,1860,12500,2000,3000,227.5,papel,Atelier Degas,1564650,1564650,menor,"resto",paisaje
la calèche,https://www.christies.com/lotfinder/drawings-watercolors/edgar-degas-la-caleche-6060210-details.aspx,dibujo-acuarela,51,15068,2017-03-23,Paris,EUR,4375,600,800,Atelier de l’artiste.,sello,lápiz,8.4,11.7,1858,4375,600,800,98.28,papel,Atelier Degas,1564650,1564650,menor,"resto",costumbrista
étude de jambes,https://www.christies.com/lotfinder/drawings-watercolors/edgar-degas-etude-de-jambes-6060211-details.aspx,dibujo-acuarela,52,15068,2017-03-23,Paris,EUR,17500,5000,7000,Atelier de l’artiste.,sello,tiza,31.6,23.8,1893,17500,5000,7000,752.08,papel,Atelier Degas,1564650,1564650,menor,"resto",estudio/copia
étude de cheval,https://www.christies.com/lotfinder/drawings-watercolors/edgar-degas-etude-de-cheval-6060212-details.aspx,dibujo-acuarela,53,15068,2017-03-23,Paris,EUR,45000,2000,3000,Atelier de l’artiste.,sello,lápiz,6,9.7,1860,45000,2000,3000,58.199999999999996,papel,Atelier Degas,1564650,1564650,menor,"resto",estudio/copia
étude de personnages,https://www.christies.com/lotfinder/drawings-watercolors/edgar-degas-etude-de-personnages-6060213-details.aspx,dibujo-acuarela,54,15068,2017-03-23,Paris,EUR,5625,2000,3000,Atelier de l’artiste.,sello,lápiz,14,21.5,1865,5625,2000,3000,301,papel,Atelier Degas,1564650,1564650,menor,"resto",estudio/copia
scène de vente aux enchères,https://www.christies.com/lotfinder/drawings-watercolors/edgar-degas-scene-de-vente-aux-encheres-6060214-details.aspx,dibujo-acuarela,55,15068,2017-03-23,Paris,EUR,18750,6000,8000,Atelier de l’artiste.,sello,tiza negra,28.5,44.5,1858,18750,6000,8000,1268.25,papel,Atelier Degas,1564650,1564650,menor,"resto",costumbrista
danseuse au bouquet,https://www.christies.com/lotfinder/drawings-watercolors/edgar-degas-danseuse-au-bouquet-6063469-details.aspx,dibujo-acuarela,129,13664,2017-03-23,Paris,EUR,578500,400000,600000,"Atelier de l'artiste; IIIe vente, Galerie Georges Petit, Paris, 7 avril 1919, lot 182.",sello,carboncillo,59.6,45.9,NA,578500,400000,600000,2735.64,papel,Oeuvres modernes sur papier,8028375,8028375,correcta,"resto",bailarina
madame camus devant son piano,https://www.christies.com/lotfinder/drawings-watercolors/edgar-degas-madame-camus-devant-son-piano-6063481-details.aspx,dibujo-acuarela,141,13664,2017-03-23,Paris,EUR,134500,100000,150000,"Atelier de l'artiste; IIe vente, Galerie Georges Petit, 11-13 décembre 1918, lot 182.",sello,pastel y tiza negra,43.3,31.8,1869,134500,100000,150000,1376.9399999999998,papel,Oeuvres modernes sur papier,8028375,8028375,correcta,pastel,retrato
a draped figure in profile to t...,https://www.christies.com/lotfinder/drawings-watercolors/edgar-degas-a-draped-figure-in-profile-6058083-details.aspx,dibujo-acuarela,297,13487,2017-03-01,London,GBP,20000,15000,25000,"Mademoiselle J. Fèvre; her sale, Galerie Charpentier, Paris, 12 June 1934, lot 45.",NA,tiza negra,31,23.5,1856,22400.000000000004,16800,28000.000000000004,728.5,papel,Impressionist and Modern Works on Paper,6485375,7263620.000000001,correcta,"resto",estudio/copia
"homme nu, debout et tenant un b...",https://www.christies.com/lotfinder/drawings-watercolors/edgar-degas-homme-nu-debout-et-tenant-6031421-details.aspx,dibujo-acuarela,1079,12146,2016-11-17,New York,USD,37500,35000,45000,"Estate of the artist; Third sale, Galerie Georges Petit, Paris, 7-9 April 1919, lot 121a-b.",sello,lápiz,30,20.6,NA,33000,30800,39600,618,papel,Impressionist & Modern Art Works on Paper Sale,10540625,9275750,correcta,"resto",estudio/copia
danseuse vue de profil,https://www.christies.com/lotfinder/drawings-watercolors/edgar-degas-danseuse-vue-de-profil-6031432-details.aspx,dibujo-acuarela,1090,12146,2016-11-17,New York,USD,81250,70000,100000,"Estate of the artist; Fourth sale, Galerie Georges Petit, Paris, 2-4 July 1919, lot 285a.",sello,carboncillo,47,30.7,NA,71500,61600,88000,1442.8999999999999,papel,Impressionist & Modern Art Works on Paper Sale,10540625,9275750,correcta,"resto",bailarina
cheval galopant,https://www.christies.com/lotfinder/drawings-watercolors/edgar-degas-cheval-galopant-6031433-details.aspx,dibujo-acuarela,1091,12146,2016-11-17,New York,USD,87500,40000,60000,"Estate of the artist; Fourth sale, Galerie Georges Petit, Paris, 2-4 July 1919, lot 208a.",sello,carboncillo,23.8,27.1,1887,77000,35200,52800,644.98,papel,Impressionist & Modern Art Works on Paper Sale,10540625,9275750,menor,"resto",hípica
danseuse vue de face,https://www.christies.com/lotfinder/drawings-watercolors/edgar-degas-danseuse-vue-de-face-5993696-details.aspx,dibujo-acuarela,1027,12070,2016-05-13,New York,USD,106250,100000,150000,"Estate of the artist; Third sale, Galerie Georges Petit, Paris, 7-9 April 1919, lot 140-1.",sello,Conté crayon negro y pastel,31.1,23.9,NA,93500,88000,132000,743.29,papel,Impressionist & Modern Art Works on Paper,10533250,9269260,correcta,pastel,bailarina
danseuse vue de profil,https://www.christies.com/lotfinder/drawings-watercolors/edgar-degas-danseuse-vue-de-profil-5993697-details.aspx,dibujo-acuarela,1028,12070,2016-05-13,New York,USD,112500,100000,150000,"Estate of the artist; Third sale, Galerie Georges Petit, Paris, 7-9 April 1919, lot 140-4.",sello,Conté crayon negro y pastel,30.9,23.8,NA,99000,88000,132000,735.42,papel,Impressionist & Modern Art Works on Paper,10533250,9269260,correcta,pastel,bailarina
trois danseuses,https://www.christies.com/lotfinder/drawings-watercolors/edgar-degas-trois-danseuses-5993699-details.aspx,dibujo-acuarela,1030,12070,2016-05-13,New York,USD,191000,200000,300000,"Estate of the artist; Third sale, Galerie Georges Petit, Paris, 7-9 April 1919, lot 329.",sello,carboncillo y aguada,40.1,60.5,1889,168080,176000,264000,2426.05,papel,Impressionist & Modern Art Works on Paper,10533250,9269260,mayor,"resto",bailarina
femme à la cigarette,https://www.christies.com/lotfinder/drawings-watercolors/edgar-degas-femme-a-la-cigarette-5993702-details.aspx,dibujo-acuarela,1033,12070,2016-05-13,New York,USD,27500,20000,30000,"Estate of the artist; Vente d'estampes, Galerie Manzi-Joyant, Paris, 22-23 November 1918, lot 287.",sello,monotype,12.8,11.7,1880,24200,17600,26400,149.76,papel,Impressionist & Modern Art Works on Paper,10533250,9269260,correcta,"resto",mujer
femme nue assise,https://www.christies.com/lotfinder/drawings-watercolors/edgar-degas-femme-nue-assise-5993727-details.aspx,dibujo-acuarela,1058,12070,2016-05-13,New York,USD,197000,200000,300000,"Estate of the artist; Third sale, Galerie Georges Petit, Paris, 7-9 April 1919, lot 57.",sello,pastel y carboncillo,42.8,42.6,1879,173360,176000,264000,1823.28,papel,Impressionist & Modern Art Works on Paper,10533250,9269260,mayor,pastel,mujer
deux jockeys,https://www.christies.com/lotfinder/drawings-watercolors/edgar-degas-deux-jockeys-5993744-details.aspx,dibujo-acuarela,1075,12070,2016-05-13,New York,USD,87500,70000,100000,"Estate of the artist; Third Sale, Galerie Georges Petit, Paris, 7-9 April 1919, lot 352-2.",sello,carboncillo,24.8,31.5,1888,77000,61600,88000,781.2,papel,Impressionist & Modern Art Works on Paper,10533250,9269260,correcta,"resto",hípica
carnet de dessins,https://www.christies.com/lotfinder/drawings-watercolors/edgar-degas-carnet-de-dessins-5993751-details.aspx,dibujo-acuarela,1082,12070,2016-05-13,New York,USD,353000,40000,60000,"Marcel Guérin, Paris (circa 1925).",NA,lápiz y Conté crayon negro,15,8.5,1880,310640,35200,52800,127.5,papel,Impressionist & Modern Art Works on Paper,10533250,9269260,menor,"resto",estudio/copia
cavalier,https://www.christies.com/lotfinder/drawings-watercolors/edgar-degas-cavalier-5993759-details.aspx,dibujo-acuarela,1090,12070,2016-05-13,New York,USD,106250,40000,60000,"Estate of the artist; Fourth sale, Galerie Georges Petit, Paris, 2-4 July 1919, lot 260B.",sello,lápiz,31.7,24.5,NA,93500,35200,52800,776.65,papel,Impressionist & Modern Art Works on Paper,10533250,9269260,menor,"resto",hípica
danseuse attachant son chausson...,https://www.christies.com/lotfinder/drawings-watercolors/edgar-degas-danseuse-attachant-son-chausson-5984137-details.aspx,dibujo-acuarela,69,12610,2016-03-31,Paris,EUR,121500,30000,40000,"Atelier de l’artiste; IVe vente, Galerie Georges Petit, Paris, 2-3-4 juillet 1919, lot 261-a.",sello,tinta y gouache,32.5,21.4,NA,121500,30000,40000,695.5,papel,Oeuvres modernes sur papier,6406100,6406100,menor,"resto",bailarina
trois femmes debout (étude de n...,https://www.christies.com/lotfinder/drawings-watercolors/edgar-degas-trois-femmes-debout-5970959-details.aspx,dibujo-acuarela,255,11790,2016-02-03,London,GBP,122500,120000,180000,"The artist's estate; third sale, Galerie Georges Petit, Paris, 7-9 April 1919, lot 240 (illustrated p. 188).",sello,carboncillo,67,51,1895,137200,134400,201600.00000000003,3417,papel,Impressionist & Modern Works on Paper,6597000,7388640.000000001,correcta,"resto",mujer
programme de la soirée artistiq...,https://www.christies.com/lotfinder/drawings-watercolors/edgar-degas-programme-de-la-soiree-artistiq-5938446-details.aspx,dibujo-acuarela,1066,3784,2015-11-13,New York,USD,100000,20000,30000,"Estate of the artist; Fourth sale, Galerie Georges Petit, Paris, 2-4 July 1919, lot 257a.",sello,pastel y carboncillo,25,31.9,1884,88000,17600,26400,797.5,papel,Impressionist and Modern Works on Paper,19437125,17104670,menor,pastel,otro
femme à sa toilette,https://www.christies.com/lotfinder/drawings-watercolors/edgar-degas-femme-a-sa-toilette-5938454-details.aspx,dibujo-acuarela,1074,3784,2015-11-13,New York,USD,269000,250000,350000,"Estate of the artist; Second sale, Galerie Georges Petit, Paris, 11-13 December 1918, lot 322.",sello,carboncillo,71.6,69.4,1894,236720,220000,308000,4969.04,papel,Impressionist and Modern Works on Paper,19437125,17104670,correcta,"resto",mujer
portrait d'homme d'après un maî...,https://www.christies.com/lotfinder/paintings/edgar-degas-portrait-dhomme-dapres-un-mai-5914168-details.aspx,pintura,338,10380,2015-06-24,London,GBP,98500,80000,120000,The artist's estate.,sello,óleo,29.9,25.9,1870,110320.00000000001,89600.00000000001,134400,774.41,papel,Impressionist & Modern Art Day Sale,13161500,14740880.000000002,correcta,óleo,retrato
"après le bain, femme s’essuyant...",https://www.christies.com/lotfinder/drawings-watercolors/edgar-degas-apres-le-bain-femme-sessuyant-5915645-details.aspx,dibujo-acuarela,16,10334,2015-06-23,London,GBP,2882500,2500000,3500000,"The artist’s studio; first sale, Galerie Georges Petit, Paris, 6-8 May 1918, lot 248.",sello,pastel,55.7,62,1893,3228400.0000000005,2800000.0000000005,3920000.0000000005,3453.4,papel,Impressionist & Modern Art Evening Sale,71461000,80036320.00000001,correcta,pastel,mujer
scène de ballet,https://www.christies.com/lotfinder/paintings/edgar-degas-scene-de-ballet-5915662-details.aspx,pintura,33,10334,2015-06-23,London,GBP,1762500,1500000,2000000,"The artist's studio; first sale, Galerie Georges Petit, Paris, 6-8 May 1918, lot 79.",sello,óleo,81.3,56.3,1885,1974000.0000000002,1680000.0000000002,2240000,4577.19,lienzo,Impressionist & Modern Art Evening Sale,71461000,80036320.00000001,correcta,óleo,bailarina
etude pour un portrait de femme...,https://www.christies.com/lotfinder/drawings-watercolors/edgar-degas-etude-pour-un-portrait-de-5892251-details.aspx,dibujo-acuarela,1125,3737,2015-05-15,New York,USD,17500,12000,18000,"Estate of the artist; Fourth sale, Galerie Georges Petit, Paris, 2-4 July 1919, lot 89a.",sello,lápiz,32.3,23.4,NA,15400,10560,15840,755.8199999999999,papel,Impressionist and Modern Works on Paper Including Property from the John C. Whitehead Collection,24884625,21898470,correcta,"resto",mujer
danseuse au repos,https://www.christies.com/lotfinder/drawings-watercolors/edgar-degas-danseuse-au-repos-5892260-details.aspx,dibujo-acuarela,1134,3737,2015-05-15,New York,USD,1865000,400000,600000,"Ernest Chausson, Paris (acquired from the artist).",firma,pastel y carboncillo,66.4,50.6,1885,1641200,352000,528000,3359.8400000000006,papel,Impressionist and Modern Works on Paper Including Property from the John C. Whitehead Collection,24884625,21898470,menor,pastel,bailarina
danseuse à la barre,https://www.christies.com/lotfinder/drawings-watercolors/edgar-degas-danseuse-a-la-barre-5892264-details.aspx,dibujo-acuarela,1138,3737,2015-05-15,New York,USD,90000,70000,100000,"Estate of the artist; Third sale, Galeries Georges Petit, Paris, 7-9 April 1919, lot 103/2.",sello,pastel y carboncillo,31.7,24,NA,79200,61600,88000,760.8,papel,Impressionist and Modern Works on Paper Including Property from the John C. Whitehead Collection,24884625,21898470,correcta,pastel,bailarina
trois danseuses,https://www.christies.com/lotfinder/drawings-watercolors/edgar-degas-trois-danseuses-5893260-details.aspx,dibujo-acuarela,16 C,3736,2015-05-14,New York,USD,11925000,6000000,8000000,"Estate of the artist; first sale, Galerie Georges Petit, Paris, 6-8 May 1918, lot 149.",sello,pastel,64.5,51.7,1900,10494000,5280000,7040000,3334.65,papel,Impressionist and Modern Evening Sale Including Property from the John C. Whitehead Collection,202608000,178295040,menor,pastel,bailarina
violoniste,https://www.christies.com/lotfinder/drawings-watercolors/edgar-degas-violoniste-5839423-details.aspx,dibujo-acuarela,103,2889,2014-11-06,New York,USD,106250,70000,100000,"Estate of the artist; Fourth sale, Galerie Georges Petit, Paris, 2-4 July 1919, lot 247b.",sello,carboncillo,32.5,24.5,1880,93500,61600,88000,796.25,papel,Impressionist & Modern Works on Paper Sale,9907688,8718765.44,menor,"resto",otro
après le bain,https://www.christies.com/lotfinder/drawings-watercolors/edgar-degas-apres-le-bain-5839451-details.aspx,dibujo-acuarela,131,2889,2014-11-06,New York,USD,122500,40000,60000,"Estate of the artist; Fourth sale, Galerie Georges Petit, Paris, 2-4 July 1919, lot 327.",sello,pastel,70.3,52.7,1903,107800,35200,52800,3704.81,papel,Impressionist & Modern Works on Paper Sale,9907688,8718765.44,menor,pastel,mujer
paysage,https://www.christies.com/lotfinder/drawings-watercolors/edgar-degas-paysage-5839458-details.aspx,dibujo-acuarela,138,2889,2014-11-06,New York,USD,68750,70000,100000,"Hector Brame, Paris (by 1899).",NA,pastel,26.5,44.2,1883,60500,61600,88000,1171.3000000000002,papel,Impressionist & Modern Works on Paper Sale,9907688,8718765.44,mayor,pastel,paisaje
femme s'essuyant,https://www.christies.com/lotfinder/drawings-watercolors/edgar-degas-femme-sessuyant-5776189-details.aspx,dibujo-acuarela,51,3585,2014-03-26,Paris,EUR,265500,250000,350000,"Atelier de l'artiste; IIIeme vente, Galerie Georges Petit, Paris, 7-9 avril 1919, lot 186.",sello,carboncillo y sanguina,71.7,61.7,1897,265500,250000,350000,4423.89,papel,Oeuvres Modernes sur papier,6948950,6948950,correcta,"resto",mujer
femme à sa toilette,https://www.christies.com/lotfinder/drawings-watercolors/edgar-degas-femme-a-sa-toilette-5766608-details.aspx,dibujo-acuarela,209,1508,2014-02-05,London,GBP,290500,250000,350000,"René de Gas, Paris.",NA,pastel y carboncillo,69.5,79,1897,325360.00000000006,280000,392000.00000000006,5490.5,papel,Impressionist/Modern Works on Paper,5392100,6039152.000000001,correcta,pastel,mujer
femme tenant un chapeau à la ma...,https://www.christies.com/lotfinder/drawings-watercolors/edgar-degas-femme-tenant-un-chapeau-a-5766354-details.aspx,dibujo-acuarela,2,1505,2014-02-04,London,GBP,506500,200000,300000,"The artist's studio; second sale, Galerie Georges Petit, Paris, 11-13 December 1918, lot 181.",sello,pastel,48.8,63.6,1885,567280,224000.00000000003,336000.00000000006,3103.68,papel,Impressionist/Modern Evening Sale,152016000,170257920.00000003,menor,pastel,mujer
cavalier,https://www.christies.com/lotfinder/drawings-watercolors/edgar-degas-cavalier-5745677-details.aspx,dibujo-acuarela,4,3567,2013-12-03,Paris,EUR,25000,25000,35000,"Atelier de l'artiste; IIIeme vente, Galerie Georges Petit, Paris, 7-9 avril 1919, lot 95.",sello,pastel y carboncillo,31.6,24.7,NA,25000,25000,35000,780.52,papel,Art Impressionniste et Moderne,10197275,10197275,correcta,pastel,hípica
après le bain,https://www.christies.com/lotfinder/drawings-watercolors/edgar-degas-apres-le-bain-5734223-details.aspx,dibujo-acuarela,137,2789,2013-11-06,New York,USD,52500,30000,50000,"Estate of the artist; Fourth sale, Galerie Georges Petit, Paris, 2-4 July 1918, lot 318.",sello,carboncillo,59,44.8,1885,46200,26400,44000,2643.2,papel,Impressionist & Modern Works on Paper Sale,10837250,9536780,menor,"resto",mujer
etude de rideau; femme assise d...,https://www.christies.com/lotfinder/drawings-watercolors/edgar-degas-etude-de-rideau-femme-assise-5737587-details.aspx,dibujo-acuarela,157,3443,2013-11-05,New York,USD,112500,100000,150000,"Estate of the artist; Fourth sale, Galerie Georges Petit, Paris, 2-4 July 1919, lot 133, a-c.",sello,carboncillo,47,30.5,1880,99000,88000,132000,1433.5,papel,A Dialogue Through Art: Works from the Jan Krugier Collection Day Sale,21199000,18655120,correcta,"resto",mujer
plage à la marée basse,https://www.christies.com/lotfinder/drawings-watercolors/edgar-degas-plage-a-la-maree-basse-5698008-details.aspx,dibujo-acuarela,170,1132,2013-06-19,London,GBP,85875,30000,50000,"The artist's estate; fourth sale, Galerie Georges Petit, Paris, 2-4 July 1919, lot 48a (illustrated p. 43).",sello,pastel,27.4,39.8,1869,96180.00000000001,33600,56000.00000000001,1090.5199999999998,papel,Impressionist/Modern Works on Paper,4927525,5518828.000000001,menor,pastel,paisaje
trois danseuses dans les coulis...,https://www.christies.com/lotfinder/drawings-watercolors/edgar-degas-trois-danseuses-dans-les-coulis-5678085-details.aspx,dibujo-acuarela,108,2783,2013-05-09,New York,USD,291750,250000,350000,"Estate of the artist; Third sale, Galerie Georges Petit, Paris, 7-9 April 1919, lot 258.",sello,carboncillo,63.9,50,1905,256740,220000,308000,3195,papel,Impressionist & Modern Works on Paper,8212625,7227110,correcta,"resto",bailarina
"après le bain, femme nue s'essu...",https://www.christies.com/lotfinder/drawings-watercolors/edgar-degas-apres-le-bain-femme-nue-5665346-details.aspx,dibujo-acuarela,13,3546,2013-04-11,Paris,EUR,301500,200000,300000,"Atelier de l'artiste; IIIeme vente, Galerie Georges Petit, Paris, 7-9 avril 1919, lot 309.",sello,carboncillo,62.8,60.4,1897,301500,200000,300000,3793.12,papel,Oeuvres Modernes sur papier,5969925,5969925,menor,"resto",mujer
marée montante,https://www.christies.com/lotfinder/drawings-watercolors/edgar-degas-maree-montante-5650891-details.aspx,dibujo-acuarela,294,1104,2013-02-07,London,GBP,55250,50000,70000,"The artist's atelier sale, Paris, 2-4 July 1919, lot 50a (illustrated).",sello,pastel,23.5,31.5,1869,61880.00000000001,56000.00000000001,78400.00000000001,740.25,papel,Impressionist/Modern Works on Paper,8213375,9198980,correcta,pastel,paisaje
studies of figures on horses,https://www.christies.com/lotfinder/drawings-watercolors/edgar-degas-studies-of-figures-on-horses-5636610-details.aspx,dibujo-acuarela,154,2609,2012-12-12,New York,USD,5000,4000,6000,NA,sello,lápiz,31.8,48.9,NA,4400,3520,5280,1555.02,papel,Christie's Interiors,2814187,2476484.56,correcta,"resto",estudio/copia
etude de danseuse,https://www.christies.com/lotfinder/drawings-watercolors/edgar-degas-etude-de-danseuse-5616024-details.aspx,dibujo-acuarela,106,2595,2012-11-08,New York,USD,482500,300000,400000,"Estate of the artist; Third sale, Galerie Georges Petit, Paris, 9 April 1919, lot 338.",sello,tiza negra y blanca,45.4,28.5,1873,424600,264000,352000,1293.8999999999999,papel,Impressionist and Modern Works on Paper,12411925,10922494,menor,"resto",bailarina
groupe de danseuses,https://www.christies.com/lotfinder/drawings-watercolors/edgar-degas-groupe-de-danseuses-5616032-details.aspx,dibujo-acuarela,114,2595,2012-11-08,New York,USD,458500,400000,600000,"Estate of the artist; Second sale, Galerie Georges Petit, Paris, 11-13 December 1918, lot 287.",sello,carboncillo,103.5,72.5,1897,403480,352000,528000,7503.75,papel,Impressionist and Modern Works on Paper,12411925,10922494,correcta,"resto",bailarina
femme accoudée,https://www.christies.com/lotfinder/drawings-watercolors/edgar-degas-femme-accoudee-5616045-details.aspx,dibujo-acuarela,127,2595,2012-11-08,New York,USD,43750,30000,50000,"Estate of the artist; Fourth sale, Galerie Georges Petit, Paris, 2-4 July 1919, lot 154.",sello,carboncillo,50.6,32.4,NA,38500,26400,44000,1639.44,papel,Impressionist and Modern Works on Paper,12411925,10922494,correcta,"resto",mujer
danseuse,https://www.christies.com/lotfinder/drawings-watercolors/edgar-degas-danseuse-5582990-details.aspx,dibujo-acuarela,103,5467,2012-06-21,London,GBP,51650,40000,60000,"Acquired by the parents of the present owner probably circa 1950, and thence by descent.",firma,pastel y carboncillo,31.6,22.5,1885,57848.00000000001,44800.00000000001,67200,711,papel,Impressionist/Modern Works on Paper,8338950,9339624,correcta,pastel,bailarina
danseuses,https://www.christies.com/lotfinder/paintings/edgar-degas-danseuses-5553449-details.aspx,pintura,7,2554,2012-05-01,New York,USD,2546500,1500000,2500000,"Ambroise Vollard, Paris (acquired from the artist, by 1914).",firma,pastel,65.4,54,1895,2240920,1320000,2200000,3531.6000000000004,papel,Impressionist and Modern Art Evening Sale,117086000,103035680,menor,pastel,bailarina
autoportrait,https://www.christies.com/lotfinder/paintings/edgar-degas-autoportrait-5532357-details.aspx,pintura,10,8049,2012-02-07,London,GBP,713250,350000,450000,"The artist's studio, Paris.",sello,óleo,47,32,1857,798840.0000000001,392000.00000000006,504000.00000000006,1504,papel,Impressionist / Modern Evening Sale,97814150,109551848.00000001,menor,óleo,retrato
danseuse rajustant ses épaulett...,https://www.christies.com/lotfinder/drawings-watercolors/edgar-degas-danseuse-rajustant-ses-epaulett-5532384-details.aspx,dibujo-acuarela,37,8049,2012-02-07,London,GBP,2281250,3000000,4000000,"Galeries Durand-Ruel, Paris (no. 4827), by whom acquired from the artist on 25 November 1898.",firma,pastel,44.5,35.6,1897,2555000.0000000005,3360000.0000000005,4480000,1584.2,papel,Impressionist / Modern Evening Sale,97814150,109551848.00000001,mayor,pastel,bailarina
femme se coiffant,https://www.christies.com/lotfinder/drawings-watercolors/edgar-degas-femme-se-coiffant-5532397-details.aspx,dibujo-acuarela,50,8049,2012-02-07,London,GBP,421250,350000,450000,"The artist's studio; second sale, Galerie Georges Petit, Paris, 11-13 December 1918, lot 261.",sello,pastel y carboncillo,61.3,82,1894,471800.00000000006,392000.00000000006,504000.00000000006,5026.5999999999995,papel,Impressionist / Modern Evening Sale,97814150,109551848.00000001,correcta,pastel,mujer
danseuse vue de face,https://www.christies.com/lotfinder/drawings-watercolors/edgar-degas-danseuse-vue-de-face-5492890-details.aspx,dibujo-acuarela,109,2478,2011-11-02,New York,USD,74500,60000,80000,"Estate of the artist; Third sale, Galeries George Petit, Paris, 7-9 April 1919, lot 126-2.",sello,pastel y carboncillo,32.1,24.8,1883,65560,52800,70400,796.08,papel,Impressionist and Modern Works on Paper,6419250,5648940,correcta,pastel,bailarina
tête florentine (d'après un tab...,https://www.christies.com/lotfinder/paintings/edgar-degas-tete-florentine-5493009-details.aspx,pintura,258,2479,2011-11-02,New York,USD,64900,40000,60000,"Henri Fevre (nephew of the artist); sale, Hôtel Drouot, Paris, 22 June 1925, lot 70.",NA,óleo,41.2,33,1858,57112,35200,52800,1359.6000000000001,papel,Impressionist and Modern Day Sale,23303550,20507124,menor,óleo,estudio/copia
femme s'épongeant le dos,https://www.christies.com/lotfinder/drawings-watercolors/edgar-degas-femme-sepongeant-le-dos-5493600-details.aspx,dibujo-acuarela,9,2477,2011-11-01,New York,USD,3218500,3500000,5500000,"Estate of the artist; First sale, Galerie Georges Petit, Paris, 6-8 May 1918, lot 231.",sello,pastel,70,60,1895,2832280,3080000,4840000,4200,papel,Impressionist and Modern Evening Sale,140773500,123880680,mayor,pastel,mujer
danseuse debout,https://www.christies.com/lotfinder/drawings-watercolors/edgar-degas-danseuse-debout-5459320-details.aspx,dibujo-acuarela,105,7975,2011-06-22,London,GBP,313250,180000,250000,"Louis Vauxcelles, Paris.",firma,pastel y carboncillo,31.8,23,1885,350840.00000000006,201600.00000000003,280000,731.4,papel,Impressionist/Modern Works on Paper,6823625,7642460.000000001,menor,pastel,bailarina
etude de nu,https://www.christies.com/lotfinder/drawings-watercolors/edgar-degas-etude-de-nu-5459324-details.aspx,dibujo-acuarela,109,7975,2011-06-22,London,GBP,97250,70000,100000,"The artist's studio; fourth sale, Galerie Georges Petit, Paris, 2-4 July 1919, lot 174.",sello,carboncillo,73,60.1,NA,108920.00000000001,78400.00000000001,112000.00000000001,4387.3,papel,Impressionist/Modern Works on Paper,6823625,7642460.000000001,correcta,"resto",estudio/copia
alexis rouart,https://www.christies.com/lotfinder/drawings-watercolors/edgar-degas-alexis-rouart-5432708-details.aspx,dibujo-acuarela,116,2438,2011-05-05,New York,USD,194500,250000,350000,"Louis Heim, Paris.",firma,pastel y carboncillo,56.5,40,1895,171160,220000,308000,2260,papel,Impressionist and Modern Works on Paper,13737950,12089396,mayor,pastel,retrato
"après le bain, femme s'essuyant...",https://www.christies.com/lotfinder/drawings-watercolors/edgar-degas-apres-le-bain-femme-sessuyant-5432733-details.aspx,dibujo-acuarela,141,2438,2011-05-05,New York,USD,56250,70000,90000,"Estate of the artist; Second sale, Galerie Georges Petit, Paris, 11-13 December 1918, lot 321.",sello,carboncillo,41.9,26.4,NA,49500,61600,79200,1106.1599999999999,papel,Impressionist and Modern Works on Paper,13737950,12089396,mayor,"resto",mujer
scène de ballet,https://www.christies.com/lotfinder/drawings-watercolors/edgar-degas-scene-de-ballet-5432735-details.aspx,dibujo-acuarela,143,2438,2011-05-05,New York,USD,158500,150000,200000,"Estate of the artist; Second sale, Galeries Georges Petit, Paris, 11-13 December 1918, lot 59.",sello,"pastel, acuarela, Conté crayon negro y lápiz",30.5,61.9,1880,139480,132000,176000,1887.95,papel,Impressionist and Modern Works on Paper,13737950,12089396,correcta,pastel,bailarina
"danseuse, les bras levés et ram...",https://www.christies.com/lotfinder/drawings-watercolors/edgar-degas-danseuse-les-bras-leves-et-5402289-details.aspx,dibujo-acuarela,407,7954,2011-02-10,London,GBP,82850,60000,80000,"The artist's studio, second sale, Galerie Georges Petit, Paris, 11-13 December 1918, lot 331 (illustrated p. 188).",sello,carboncillo y tiza blanca,44.9,24.4,NA,92792.00000000001,67200,89600.00000000001,1095.56,papel,Impressionist/Modern Day Sale,13889550,15556296.000000002,menor,"resto",bailarina
danseuse rattachant sa ceinture...,https://www.christies.com/lotfinder/drawings-watercolors/edgar-degas-danseuse-rattachant-sa-ceinture-5406928-details.aspx,dibujo-acuarela,229,7953,2011-02-10,London,GBP,39650,30000,40000,"The artist's studio, third sale, Galerie Georges Petit, Paris, 7-9 April 1919, lot 137 (illustrated p. 117; one of four).",sello,tiza negra,31,25,NA,44408.00000000001,33600,44800.00000000001,775,papel,Impressionist/ModernWorks on Paper,7098050,7949816.000000001,correcta,"resto",bailarina
femme nue se coiffant,https://www.christies.com/lotfinder/drawings-watercolors/edgar-degas-femme-nue-se-coiffant-5406930-details.aspx,dibujo-acuarela,231,7953,2011-02-10,London,GBP,145250,100000,150000,"Lucien Henraux, Paris, by whom acquired directly from the artist.",firma,pastel y carboncillo,36.2,56,1893,162680.00000000003,112000.00000000001,168000.00000000003,2027.2000000000003,papel,Impressionist/ModernWorks on Paper,7098050,7949816.000000001,correcta,pastel,mujer
danseuse tirant son maillot (la...,https://www.christies.com/lotfinder/drawings-watercolors/edgar-degas-danseuse-tirant-son-maillot-5406955-details.aspx,dibujo-acuarela,256,7953,2011-02-10,London,GBP,277250,150000,200000,"Georges Charpentier, Paris; his sale, Hôtel Drouot, Paris, 11 April 1907, lot 34.",firma,pastel y carboncillo,26.8,29.7,1883,310520.00000000006,168000.00000000003,224000.00000000003,795.96,papel,Impressionist/ModernWorks on Paper,7098050,7949816.000000001,menor,pastel,bailarina
danseuse au repos,https://www.christies.com/lotfinder/drawings-watercolors/edgar-degas-danseuse-au-repos-5406956-details.aspx,dibujo-acuarela,257,7953,2011-02-10,London,GBP,241250,150000,200000,"Martin Le Roy, Paris.",firma,pastel y carboncillo,30.7,47.5,1879,270200,168000.00000000003,224000.00000000003,1458.25,papel,Impressionist/ModernWorks on Paper,7098050,7949816.000000001,menor,pastel,bailarina
danseuses jupes jaunes (deux da...,https://www.christies.com/lotfinder/drawings-watercolors/edgar-degas-danseuses-jupes-jaunes-5407007-details.aspx,dibujo-acuarela,9,7951,2011-02-09,London,GBP,5417250,3000000,5000000,"Galeries Durand-Ruel, Paris (no. 3942), by whom acquired directly from the artist on 15 October 1896.",firma,pastel y carboncillo,60.2,42.4,1896,6067320.000000001,3360000.0000000005,5600000.000000001,2552.48,papel,Impressionist/Modern Evening Sale,61880550,69306216,menor,pastel,bailarina
danseuse de dos,https://www.christies.com/lotfinder/drawings-watercolors/edgar-degas-danseuse-de-dos-5384694-details.aspx,dibujo-acuarela,4,5609,2010-12-02,Paris,EUR,82600,50000,70000,"Atelier de l'artiste; IVème vente, Galerie Georges Petit, Paris, 2-4 juillet 1919, lot 278a.",sello,tiza negra,34.8,19,1885,82600,50000,70000,661.1999999999999,papel,Art Impressionniste et Moderne,8048825,8048825,menor,"resto",bailarina
etudes de nu et de draperie,https://www.christies.com/lotfinder/drawings-watercolors/edgar-degas-etudes-de-nu-et-de-5384697-details.aspx,dibujo-acuarela,7,5609,2010-12-02,Paris,EUR,15000,7000,10000,Atelier de l'artiste.,sello,lápiz,23.4,18.6,1859,15000,7000,10000,435.24,papel,Art Impressionniste et Moderne,8048825,8048825,menor,"resto",estudio/copia
"après le bain, femme s'essuyant...",https://www.christies.com/lotfinder/drawings-watercolors/edgar-degas-apres-le-bain-femme-sessuyant-5384719-details.aspx,dibujo-acuarela,29,5609,2010-12-02,Paris,EUR,27400,15000,20000,"Atelier de l'artiste; IVème vente, Galerie Georges Petit, Paris, 2-4 juillet 1919, lot 143.",sello,tiza negra y blanca,62.1,48,NA,27400,15000,20000,2980.8,papel,Art Impressionniste et Moderne,8048825,8048825,menor,"resto",mujer
deux danseuses évoluant,https://www.christies.com/lotfinder/drawings-watercolors/edgar-degas-deux-danseuses-evoluant-5364136-details.aspx,dibujo-acuarela,117,2353,2010-11-04,New York,USD,422500,350000,550000,"Estate of the artist; Second sale, Galerie Georges Petit, Paris, 11-13 December 1918, lot 160.",sello,pastel y carboncillo,61.9,47.9,1889,371800,308000,484000,2965.0099999999998,papel,Impressionist and Modern Works on Paper,11283200,9929216,correcta,pastel,bailarina
paysage de l'orne,https://www.christies.com/lotfinder/drawings-watercolors/edgar-degas-paysage-de-lorne-5364146-details.aspx,dibujo-acuarela,127,2353,2010-11-04,New York,USD,98500,100000,150000,"De Nöé, Ménil-Hubert.",NA,"pastel, lápiz, tinta",27.7,42.2,1884,86680,88000,132000,1168.94,papel,Impressionist and Modern Works on Paper,11283200,9929216,mayor,pastel,paisaje
femme nue s'essuyant,https://www.christies.com/lotfinder/drawings-watercolors/edgar-degas-femme-nue-sessuyant-5364149-details.aspx,dibujo-acuarela,130,2353,2010-11-04,New York,USD,386500,300000,500000,"Estate of the artist; Third sale, Galerie Georges Petit, Paris, 7-9 April 1919, lot 74.",sello,pastel y carboncillo,49.8,32.1,1895,340120,264000,440000,1598.58,papel,Impressionist and Modern Works on Paper,11283200,9929216,correcta,pastel,mujer
ludovic halévy trouve madame ca...,https://www.christies.com/lotfinder/drawings-watercolors/edgar-degas-ludovic-halevy-trouve-madame-ca-5369381-details.aspx,dibujo-acuarela,28,2352,2010-11-03,New York,USD,746500,400000,600000,"Ludovic Halévy, Paris (acquired from the artist).",firma,"pastel, lápiz, tinta",26.7,22.9,1876,656920,352000,528000,611.43,papel,Impressionist and Modern Evening Sale,231439500,203666760,menor,pastel,retrato
"danseuse debout, vue de dos",https://www.christies.com/lotfinder/drawings-watercolors/edgar-degas-danseuse-debout-vue-de-dos-5369412-details.aspx,dibujo-acuarela,59,2352,2010-11-03,New York,USD,362500,300000,500000,"Galerie Durand-Ruel et Cie., Paris.",firma,lápiz y tiza,41.9,31.3,1872,319000,264000,440000,1311.47,papel,Impressionist and Modern Evening Sale,231439500,203666760,correcta,"resto",bailarina
etude pour la programme de la s...,https://www.christies.com/lotfinder/drawings-watercolors/edgar-degas-etude-pour-la-programme-de-5347489-details.aspx,dibujo-acuarela,24,2340,2010-09-21,New York,USD,43750,12000,18000,"Estate of the artist; Fourth sale, Galerie Georges Petit, Paris, 2-4 July 1919, lot 257b.",sello,carboncillo,24.4,31.6,1884,38500,10560,15840,771.04,papel,Impressionist Modern,2100837,1848736.56,menor,"resto",estudio/copia
etude de danseuse,https://www.christies.com/lotfinder/drawings-watercolors/edgar-degas-etude-de-danseuse-5333964-details.aspx,dibujo-acuarela,187,7858,2010-06-24,London,GBP,67250,60000,80000,"The artist's studio; Second Sale, Galerie Georges Petit, Paris, 11-13 December 1918, lot 229 (one of two).",sello,carboncillo y tiza blanca,31.7,23.8,NA,75320,67200,89600.00000000001,754.46,papel,Impressionist/Modern Works on Paper,6848050,7669816.000000001,correcta,"resto",bailarina
"paysage, effet du soir",https://www.christies.com/lotfinder/paintings/edgar-degas-paysage-effet-du-soir-5334004-details.aspx,pintura,317,7859,2010-06-24,London,GBP,27500,20000,30000,"Jeanne Fèvre, Nice; sale, Galerie Charpentier, Paris, 12 June 1934, lot 122.",NA,óleo,19.3,31.2,1857,30800.000000000004,22400.000000000004,33600,602.16,papel,Impressionist/Modern Day Sale,12787500,14322000.000000002,correcta,óleo,paisaje
danseuse à l'éventail,https://www.christies.com/lotfinder/drawings-watercolors/edgar-degas-danseuse-a-leventail-5313300-details.aspx,dibujo-acuarela,59,2311,2010-05-04,New York,USD,722500,600000,800000,"Estate of the artist, Paris; second sale, Galerie Georges Petit, Paris, 11-13 December 1918, lot 97.",sello,pastel,47,61.6,1894,635800,528000,704000,2895.2000000000003,papel,Impressionist/ Modern Evening Sale,111370500,98006040,correcta,pastel,bailarina
jockey,https://www.christies.com/lotfinder/drawings-watercolors/edgar-degas-jockey-5289203-details.aspx,dibujo-acuarela,296,7832,2010-02-03,London,GBP,56450,50000,70000,"The artist's studio, third sale, Galerie Georges Petit, Paris, 7-9 April, 1919, lot 99a (illustrated p. 79).",sello,carboncillo,24.8,32.3,NA,63224.00000000001,56000.00000000001,78400.00000000001,801.04,papel,Impressionist/Modern Works on Paper,6974637,7811593.44,correcta,"resto",hípica
"danseuse, vue de dos",https://www.christies.com/lotfinder/drawings-watercolors/edgar-degas-danseuse-vue-de-dos-5289204-details.aspx,dibujo-acuarela,297,7832,2010-02-03,London,GBP,61250,50000,70000,"The artist's studio, third sale, Galerie Georges Petit, Paris, 7-9 April 1919, lot 136.3 (illustrated p. 116).",sello,pastel y carboncillo,31,23.5,NA,68600,56000.00000000001,78400.00000000001,728.5,papel,Impressionist/Modern Works on Paper,6974637,7811593.44,correcta,pastel,bailarina
"anne de clèves, d'après hans ho...",https://www.christies.com/lotfinder/paintings/edgar-degas-anne-de-cleves-dapres-hans-5289234-details.aspx,pintura,414,7833,2010-02-03,London,GBP,169250,80000,120000,"Galerie Durand-Ruel, Paris (nos. 5170 & 1290).",NA,óleo,65.3,48.3,1861,189560.00000000003,89600.00000000001,134400,3153.99,lienzo,Impressionist/Modern Day Sale,10652500,11930800.000000002,menor,óleo,retrato
sous-bois,https://www.christies.com/lotfinder/drawings-watercolors/edgar-degas-sous-bois-5268492-details.aspx,dibujo-acuarela,230,5583,2009-12-01,Paris,EUR,85000,40000,60000,"Atelier de l'artiste; IVeme vente, Galerie Georges Petit, Paris, 2-4 juillet 1919, lot 28b.",sello,pastel,35.2,26.4,1871,85000,40000,60000,929.28,papel,Art Impressionniste et Moderne,19937237,19937237,menor,pastel,paisaje
femme s'essuyant,https://www.christies.com/lotfinder/drawings-watercolors/edgar-degas-femme-sessuyant-5258456-details.aspx,dibujo-acuarela,106,2218,2009-11-04,New York,USD,80500,50000,70000,"Estate of the artist; Second Sale, Galerie Georges Petit, Paris, 11-13 December 1918, lot 367.",sello,boceto,49.8,31.8,1907,70840,44000,61600,1583.6399999999999,papel,Impressionist Modern Works on Paper,8369475,7365138,menor,"resto",mujer
danseuses,https://www.christies.com/lotfinder/paintings/edgar-degas-danseuses-5258555-details.aspx,pintura,22,2216,2009-11-03,New York,USD,10722500,7000000,9000000,"Eugène Blot, Paris; sale, Hôtel Drouot, Paris, 10 May 1906, lot 91.",firma,pastel,51.1,40,1896,9435800,6160000,7920000,2044,papel,Impressionist/Modern Evening Sale,65674000,57793120,menor,pastel,bailarina
"copy after gozzoli's ""destructi...",https://www.christies.com/lotfinder/drawings-watercolors/edgar-degas-copy-after-gozzolis-destructi-5230979-details.aspx,dibujo-acuarela,36,2198,2009-09-22,New York,USD,8125,2000,3000,Estate of the artist.,sello,lápiz,14,18.7,1859,7150,1760,2640,261.8,papel,Impressionist/Modern,1661625,1462230,menor,"resto",estudio/copia
"trois danseuses en maillot, les...",https://www.christies.com/lotfinder/drawings-watercolors/edgar-degas-trois-danseuses-en-maillot-les-5219974-details.aspx,dibujo-acuarela,112,7736,2009-06-24,London,GBP,169250,150000,200000,"The artist's estate; second sale, Galerie Georges Petit, Paris, 11-13 December 1918, lot 259 (illustrated p. 152).",sello,carboncillo,77.8,50.6,NA,189560.00000000003,168000.00000000003,224000.00000000003,3936.68,papel,Impressionist/Modern Works on Paper,3432600,3844512.0000000005,correcta,"resto",bailarina
rené de gas (frère de l'artiste...,https://www.christies.com/lotfinder/paintings/edgar-degas-rene-de-gas-5202724-details.aspx,pintura,16,5563,2009-05-20,Paris,EUR,73000,70000,100000,"René de Gas, Paris (par descendane).",sello,peinture à l'essence,30.5,23,1859,73000,70000,100000,701.5,papel,Art Impressionniste et Moderne,5346012,5346012,correcta,"resto",retrato
"copie d'après ""la sainte famill...",https://www.christies.com/lotfinder/paintings/edgar-degas-copie-dapres-la-sainte-famill-5202733-details.aspx,pintura,25,5563,2009-05-20,Paris,EUR,85000,40000,60000,"Edgar Degas, Paris; IIe vente, Hôtel Drouot, Paris, 16 novembre 1918, lot 61 (décrit comme 'Ecole Moderne').",NA,óleo,55,45.4,1866,85000,40000,60000,2497,lienzo,Art Impressionniste et Moderne,5346012,5346012,menor,óleo,estudio/copia
portrait de rené degas,https://www.christies.com/lotfinder/drawings-watercolors/edgar-degas-portrait-de-rene-degas-5199332-details.aspx,dibujo-acuarela,112,2166,2009-05-07,New York,USD,170500,40000,60000,"Anon. sale, Hôtel Drouot, Paris, 24 November 1964, lot 32.",firma,lápiz,31.1,24.1,1855,150040,35200,52800,749.5100000000001,papel,Impressionist and Modern Works on Paper,5147000,4529360,menor,"resto",retrato
tête de femme,https://www.christies.com/lotfinder/drawings-watercolors/edgar-degas-tete-de-femme-5199336-details.aspx,dibujo-acuarela,116,2166,2009-05-07,New York,USD,194500,150000,200000,"Estate of the artist; Fourth sale, Galerie Georges Petit, Paris, 2-4 July 1919, lot 17.",sello,pastel,35.9,30.8,1883,171160,132000,176000,1105.72,papel,Impressionist and Modern Works on Paper,5147000,4529360,correcta,pastel,mujer
trois danseuses,https://www.christies.com/lotfinder/drawings-watercolors/edgar-degas-trois-danseuses-5199344-details.aspx,dibujo-acuarela,124,2166,2009-05-07,New York,USD,218500,250000,350000,"Nina Lebel, Paris.",firma,pastel y carboncillo,79.7,56.5,1890,192280,220000,308000,4503.05,papel,Impressionist and Modern Works on Paper,5147000,4529360,mayor,pastel,bailarina
"après le bain, femme s'essuyant...",https://www.christies.com/lotfinder/drawings-watercolors/edgar-degas-apres-le-bain-femme-sessuyant-5202903-details.aspx,dibujo-acuarela,15,2164,2009-05-06,New York,USD,5906500,4000000,6000000,"Estate of the artist; First sale, Galerie Georges Petit, Paris, 6-8 May 1918, lot 299.",sello,pastel,68.9,54.6,1893,5197720,3520000,5280000,3761.9400000000005,papel,Impressionist and Modern Evening Sale,102767000,90434960,correcta,pastel,mujer
paysage d'italie vu par une luc...,https://www.christies.com/lotfinder/paintings/edgar-degas-paysage-ditalie-vu-par-une-5157326-details.aspx,pintura,1,1209,2009-02-25,Paris,EUR,457000,300000,400000,Atelier de l'artiste.,NA,óleo,36.7,32,1857,457000,300000,400000,1174.4,papel,Collection Yves Saint Laurent et Pierre Bergé,373935500,373935500,menor,óleo,paisaje
femme à sa toilette,https://www.christies.com/lotfinder/paintings/edgar-degas-femme-a-sa-toilette-5157329-details.aspx,pintura,4,1209,2009-02-25,Paris,EUR,553000,200000,300000,Atelier de l'artiste.,sello,pastel,31.6,41.5,1883,553000,200000,300000,1311.4,papel,Collection Yves Saint Laurent et Pierre Bergé,373935500,373935500,menor,pastel,mujer
"copie d'après le haut relief ""n...",https://www.christies.com/lotfinder/drawings-watercolors/edgar-degas-copie-dapres-le-haut-relief-5147242-details.aspx,dibujo-acuarela,2,5535,2008-12-02,Paris,EUR,12500,10000,15000,Atelier de l'artiste.,sello,lápiz,47.7,30.3,1855,12500,10000,15000,1445.3100000000002,papel,Art Impressionniste et Moderne,5200737,5200737,correcta,"resto",estudio/copia
plage à marée basse,https://www.christies.com/lotfinder/drawings-watercolors/edgar-degas-plage-a-maree-basse-5147426-details.aspx,dibujo-acuarela,3,5590,2008-12-01,Paris,EUR,169000,150000,250000,"Atelier de l'artiste; IVeme vente, Galerie Georges Petit, Paris, 2-4 juillet 1919, lot 59a.",sello,pastel,31.4,46.3,1869,169000,150000,250000,1453.82,papel,Collection Jeanne Lanvin Fondations Polignac Kerjean et Forteresse de Polignac,7674050,7674050,correcta,pastel,paisaje
groupe de danseuses,https://www.christies.com/lotfinder/drawings-watercolors/edgar-degas-groupe-de-danseuses-5147444-details.aspx,dibujo-acuarela,21,5590,2008-12-01,Paris,EUR,247000,200000,300000,Atelier de l'artiste.,sello,"pastel, lápiz y sanguina",32.4,41,1893,247000,200000,300000,1328.3999999999999,papel,Collection Jeanne Lanvin Fondations Polignac Kerjean et Forteresse de Polignac,7674050,7674050,correcta,pastel,bailarina
danseuses au repos,https://www.christies.com/lotfinder/drawings-watercolors/edgar-degas-danseuses-au-repos-5097816-details.aspx,dibujo-acuarela,265,7601,2008-06-25,London,GBP,481250,200000,300000,"The artist's estate; 3rd sale, Galerie Georges Petit, 7-9 April 1919, lot 410 (illustrated p. 290; titled 'Deux danseuses au repos').",sello,pastel,78.1,63.8,1898,539000,224000.00000000003,336000.00000000006,4982.78,papel,Impressionist and Modern Works on Paper,6129900,6865488.000000001,menor,pastel,bailarina
le discobole (recto and verso) ...,https://www.christies.com/lotfinder/drawings-watercolors/edgar-degas-le-discobole-5097894-details.aspx,dibujo-acuarela,344,7601,2008-06-25,London,GBP,13750,10000,15000,"Jean Nepveu-Degas, Paris, by descent from the artist; his sale, Hôtel Drouot, Paris, 6 May 1976, lot 71.",sello,lápiz,37.9,26.5,1857,15400.000000000002,11200.000000000002,16800,1004.3499999999999,papel,Impressionist and Modern Works on Paper,6129900,6865488.000000001,correcta,"resto",estudio/copia
portrait d'homme,https://www.christies.com/lotfinder/paintings/edgar-degas-portrait-dhomme-5099995-details.aspx,pintura,8,7599,2008-06-24,London,GBP,481250,250000,350000,The artist's studio.,NA,óleo,40.8,32.7,1870,539000,280000,392000.00000000006,1334.16,lienzo,Impressionist  and Modern Art  Evening Sale,144440500,161773360.00000003,menor,óleo,retrato
danseuses à la barre,https://www.christies.com/lotfinder/drawings-watercolors/edgar-degas-danseuses-a-la-barre-5099996-details.aspx,dibujo-acuarela,9,7599,2008-06-24,London,GBP,13481250,4000000,6000000,"Mr and Mrs H.O. Havemeyer, New York.",firma,"pastel, gouache y carboncillo",65.8,50.7,1880,15099000.000000002,4480000,6720000.000000001,3336.06,papel,Impressionist  and Modern Art  Evening Sale,144440500,161773360.00000003,menor,pastel,bailarina
"trois danseuses (jupes jaunes, ...",https://www.christies.com/lotfinder/drawings-watercolors/edgar-degas-trois-danseuses-5100040-details.aspx,dibujo-acuarela,53,7599,2008-06-24,London,GBP,3961250,2800000,3500000,"The artist's studio; first sale, Galerie Georges Petit, Paris, 6 March 1918, lot 245.",sello,pastel y carboncillo,56.2,50.8,1896,4436600,3136000.0000000005,3920000.0000000005,2854.96,papel,Impressionist  and Modern Art  Evening Sale,144440500,161773360.00000003,menor,pastel,bailarina
amazone à cheval,https://www.christies.com/lotfinder/paintings/edgar-degas-amazone-a-cheval-5084650-details.aspx,pintura,277,2508,2008-05-26,"Milan",EUR,14060,8000,12000,Studio dell'artista,sello,lápiz,25.5,17.8,1867,14060,8000,12000,453.90000000000003,papel,Post War and Contemporary Art,10659184,10659184,menor,"resto",hípica
etude de danseuse,https://www.christies.com/lotfinder/drawings-watercolors/edgar-degas-etude-de-danseuse-5068461-details.aspx,dibujo-acuarela,102,1996,2008-05-07,New York,USD,58600,25000,35000,"Estate of the artist; Fourth Sale, Galerie Georges Petit, Paris, 2-4 July 1919, lot 286.",sello,carboncillo,29.9,22.9,1885,51568,22000,30800,684.7099999999999,papel,Impressionist And Modern Works On Paper,16695550,14692084,menor,"resto",bailarina
aprés le bain (femme nue),https://www.christies.com/lotfinder/drawings-watercolors/edgar-degas-apres-le-bain-5068485-details.aspx,dibujo-acuarela,126,1996,2008-05-07,New York,USD,241000,200000,300000,"Estate of the artist; Second Sale, Galerie Georges Petit, Paris, 11-13 December 1918, lot 273.",sello,carboncillo,47.6,43.8,NA,212080,176000,264000,2084.88,papel,Impressionist And Modern Works On Paper,16695550,14692084,correcta,"resto",mujer
trois danseuses,https://www.christies.com/lotfinder/drawings-watercolors/edgar-degas-trois-danseuses-5075585-details.aspx,dibujo-acuarela,22,1994,2008-05-06,New York,USD,4297000,4500000,6500000,"Estate of the artist; first sale, Galerie Georges Petit, Paris, 6-8 May 1918, lot 227.",sello,pastel,65.4,65.4,1899,3781360,3960000,5720000,4277.160000000001,papel,Impressionist And Modern Art  Evening Sale,277276000,244002880,mayor,pastel,bailarina
danseuse au tambourin,https://www.christies.com/lotfinder/paintings/edgar-degas-danseuse-au-tambourin-5075588-details.aspx,pintura,25,1994,2008-05-06,New York,USD,1161000,700000,900000,"Hans Weidenbusch, Wiesbaden; sale, Lucerne, 5 June 1899, lot 8.",sello,óleo,32.7,40.3,1897,1021680,616000,792000,1317.81,lienzo,Impressionist And Modern Art  Evening Sale,277276000,244002880,menor,óleo,bailarina
femme à sa toilette,https://www.christies.com/lotfinder/drawings-watercolors/edgar-degas-femme-a-sa-toilette-5037069-details.aspx,dibujo-acuarela,80,7562,2008-02-04,London,GBP,300500,300000,400000,"The artist's studio; second sale, Galerie Georges Petit, Paris, 11-13 December 1918, lot 77 (illustrated pl. 44).",sello,pastel y carboncillo,65.1,50.1,1890,336560.00000000006,336000.00000000006,448000.00000000006,3261.5099999999998,papel,Impressionist and Modern Art Evening Sale,92793600,103928832.00000001,correcta,pastel,mujer
petite danseuse,https://www.christies.com/lotfinder/drawings-watercolors/edgar-degas-petite-danseuse-5019781-details.aspx,dibujo-acuarela,3,5485,2007-12-03,Paris,EUR,246250,60000,80000,"Atelier de l'artiste, IIème vente, Galerie Georges Petit, Paris, 11- 13 décembre 1918, lot 312.",sello,carboncillo y tiza blanca,40.9,29.9,1875,246250,60000,80000,1222.9099999999999,papel,Art Impressionniste et Moderne,14257405,14257405,menor,"resto",bailarina
tête de jeune femme de face,https://www.christies.com/lotfinder/paintings/edgar-degas-tete-de-jeune-femme-de-5019819-details.aspx,pintura,41,5485,2007-12-03,Paris,EUR,252250,200000,300000,"Atelier de l'artiste, IIème vente, Galerie Georges Petit, 11-13 décembre 1918, lot 41.",firma,óleo,34.9,28.7,1899,252250,200000,300000,1001.6299999999999,papel,Art Impressionniste et Moderne,14257405,14257405,correcta,óleo,mujer
cavalier,https://www.christies.com/lotfinder/drawings-watercolors/edgar-degas-cavalier-5019821-details.aspx,dibujo-acuarela,43,5485,2007-12-03,Paris,EUR,48250,40000,60000,"Atelier de l'artiste, IVème vente, Galerie Georges Petit, Paris, 7-9 avril 1919, lot 259c.",sello,carboncillo,30.5,21.8,1895,48250,40000,60000,664.9,papel,Art Impressionniste et Moderne,14257405,14257405,correcta,"resto",hípica
danseuse--six croquis,https://www.christies.com/lotfinder/paintings/edgar-degas-danseuse-six-croquis-4987162-details.aspx,pintura,116,1902,2007-11-07,New York,USD,97000,100000,150000,"Estate of the artist; Fourth Sale, Galerie Georges Petit, Paris, 2-4 July 1919, lot 181.",sello,carboncillo,46,59.7,NA,85360,88000,132000,2746.2000000000003,papel,Impressionist and Modern Works on Paper,20978050,18460684,mayor,"resto",bailarina
"femme debout et vue de face, ag...",https://www.christies.com/lotfinder/paintings/edgar-degas-femme-debout-et-vue-de-4983582-details.aspx,pintura,16,1900,2007-11-06,New York,USD,1609000,1400000,1800000,"Estate of the artist; Second sale, Galerie Georges Petit, Paris, 11-13 December, 1918, lot 22.",sello,óleo,89.5,53.4,1883,1415920,1232000,1584000,4779.3,lienzo,Impressionist and Modern Art Evening Sale,394977200,347579936,correcta,óleo,mujer
deux italiennes,https://www.christies.com/lotfinder/drawings-watercolors/edgar-degas-deux-italiennes-4954661-details.aspx,dibujo-acuarela,37,1874,2007-09-12,New York,USD,25000,10000,15000,"Roland Nepveu-Degas, Paris.",sello,lápiz,27.9,44.1,NA,22000,8800,13200,1230.3899999999999,papel,Impressionist and Modern Art,4013275,3531682,menor,"resto",costumbrista
femme à sa toilette,https://www.christies.com/lotfinder/paintings/edgar-degas-femme-a-sa-toilette-4935377-details.aspx,pintura,4,7404,2007-06-18,London,GBP,1700000,1400000,1800000,"The artist's studio; first sale, Galerie Georges Petit, Paris, 11-13 December 1918, lot 141 (illustrated p. 79).",sello,pastel,63,48,1892,1904000.0000000002,1568000.0000000002,2016000.0000000002,3024,papel,Impressionist and Modern Art  (Evening Sale),121127200,135662464,correcta,pastel,mujer
